Collections,Product,status
Artisanal bites,Parmesan cheese crackers,Egg
Artisanal bites,Salted butter crackers,Egg
Artisanal bites,Hot chocolate powder,Egg
Artisanal bites,Coffee,Egg
Artisanal bites,Almond rocks,Egg
Artisanal bites,Paprika and cheese crackers,Egg
Artisanal bites,Honey mixed dry fruit jar,Egg
Boulangerie and Viennoiserie,Brioche,Egg
Boulangerie and Viennoiserie,Sourdough Bread,Egg
Boulangerie and Viennoiserie,Bagels,Egg
Boulangerie and Viennoiserie,Croissants,Egg
Cake Loaves,Double Chocolate Walnut Brownie,Egg
Cake Loaves,Baileys Irish Cream,Egg
Cake Loaves,Balloon pump,Egg
Cake Loaves,Birthday Banner,Egg
Cake Loaves,Gluten Free Chocolate Fudge Brownie,Egg
Cake Loaves,BESTSELLER PACK OF 2,Egg
Cake Loaves,Cookie Dough Cake,Egg
Cake Loaves,Box of 4,Egg
Cake Loaves,"Date, Palm and Walnut Cake (Vegan)",Egg
Cake Loaves,Pistachio Blondie,Egg
Cake Loaves,Chocolate Fudge Brownie,Egg
Cake Loaves,Strawberry Streusel Cake,Egg
Cake Loaves,Walnut Banana and Whole Wheat Cake,Egg
Cake Loaves,Candles,Egg
Cake Loaves,Nutella Brownie,Egg
Cake Loaves,Almond and Milk Chocolate Brunette,Egg
Cake Loaves,"Lemon, Olive Oil and Chia Seed",Egg
Celebration Cakes,Deep Chocolate Pull Up Cake,Egg
Celebration Cakes,White chocolate Raspberry,Egg
Celebration Cakes,Black Satin Entremet (Chocolate Mousse Cake),Egg
Celebration Cakes,Opera,Egg
Celebration Cakes,Coffee pecan praline cake,Egg
Celebration Cakes,Banoffee Cake,Egg
Celebration Cakes,Ferrero Rocher Cake,Egg
Celebration Cakes,Classic Black Forest Cake,Egg
Celebration Cakes,Fresh strawberry and cream cake,Egg
Celebration Cakes,Nutella pull up cake,Egg
Celebration Cakes,Tres Leches Dapper,Egg
Celebration Cakes,Tiramisu Cake,Egg
Celebration Cakes,Lotus Biscoff Pull Up  Cake,Egg
Celebration Cakes,Burnt basque cheesecake,Egg
Celebration Cakes,"Pineapple, Lychee and Cherry Cake",Egg
Celebration Cakes,Matilda cake,Egg
Celebration Cakes,Nutella and Fresh Strawberry Entremet,Egg
Celebration Cakes,Roasted Walnut and Caramel,Egg
Celebration Cakes,Intense chocolate and caramel cake,Egg
Celebration Cakes,Hazelnut Milk Chocolate Entremet,Egg
Celebration Cakes,Dark Chocolate and Strawberry cake,Egg
Cookies & Biscuits,DIY cookie dough,Egg
Cookies & Biscuits,Cookies Box of 3,Egg
Cookies & Biscuits,Nutty Cookies (eggless),Egg
Cookies & Biscuits,Shrewsbury thins,Egg
Cookies & Biscuits,Macaron Box of 6,Egg
Cookies & Biscuits,Mixed herbs and cheese sable,Egg
Boulangerie and Viennoiserie,Eggless croissant,Eggless
Boulangerie and Viennoiserie,Sourdough Bread (Eggless),Eggless
Cake Loaves,Double Chocolate Walnut Brownie (Eggless),Eggless
Cake Loaves,Strawberry Streusel Cake (Eggless),Eggless
Cake Loaves,Nutella Brownie (Eggless),Eggless
Cake Loaves,Pistachio Blondie (Eggless),Eggless
Cake Loaves,Almond and Milk Chocolate Brunette (Eggless),Eggless
Cake Loaves,BESTSELLER PACK OF 2 (Eggless),Eggless
Cake Loaves,Cookie Dough Cake (Eggless),Eggless
Cake Loaves,Lotus Biscoff Cake Loaf (Eggless),Eggless
Celebration Cakes,Lotus Biscoff Pull Up  Cake (Eggless),Eggless
Celebration Cakes,Blueberry Cheesecake (Eggless),Eggless
Celebration Cakes,"Pineapple, Lychee and Cherry Cake (Eggless)",Eggless
Celebration Cakes,Double Chocolate with Caramelised Pistachio (Eggless),Eggless
Celebration Cakes,Sugar-Free Belgian Chocolate Truffle cake (Eggless),Eggless
Celebration Cakes,Fresh Strawberry Cheesecake (Eggless),Eggless
Celebration Cakes,Saffron Rasmalai Cake (Eggless),Eggless
Celebration Cakes,Belgian Dark Chocolate Truffle cake (Eggless),Eggless
Celebration Cakes,Hazelnut Chocolate Truffle Cake (Eggless),Eggless
Celebration Cakes,Strawberry Pull up (Eggless),Eggless
Celebration Cakes,Tres Leches Dapper (Eggless),Eggless